feature,mean,median,var,std,mode
ID,500.5,500.5,83416.66666666667,288.8194360957494,1.0
Age,40.782,40.0,199.511987987988,14.124871255625235,20.0
Salary,5917.374,5889.0,5287323.151275276,2299.418002729229,2364.0
Performance Score,2.910358565737052,3.0,2.0298725258646058,1.4247359495234917,2.0
Experience,10.12,10.0,32.64624624624625,5.713689372572353,7.0
Attrition_flag,0.0,0.0,0.0,0.0,0.0
